id,name_fake,city,state,phone_fake
1,Lakshmi Naidu,Chennai,Tamil Nadu,9871375298
2,Rahul Reddy,Chennai,Tamil Nadu,9715239102
3,Krishna Kulkarni,Chennai,Tamil Nadu,9612201907
4,Vivaan Yadav,Chennai,Tamil Nadu,9355610399
5,Geeta Sharma,Chennai,Tamil Nadu,9632248155
6,Aadhya Sharma,Chennai,Tamil Nadu,9683176417
7,Diya Joshi,Chennai,Tamil Nadu,9885766947
8,Vivaan Pandey,Chennai,Tamil Nadu,9493881949
9,Kavita Iyer,Chennai,Tamil Nadu,9389949919
10,Anil Singh,Chennai,Tamil Nadu,9948018644
11,Ravi Rao,Chennai,Tamil Nadu,9769704095
12,Sunita Singh,Chennai,Tamil Nadu,9421702851
13,Pooja Reddy,Chennai,Tamil Nadu,9337605230
14,Deepak Kumar,Chennai,Tamil Nadu,9214174681
15,Manoj Gupta,Chennai,Tamil Nadu,9603988636
16,Sunita Mehta,Chennai,Tamil Nadu,9809745338
17,Vivaan Reddy,Chennai,Tamil Nadu,9124115848
18,Geeta Pandey,Chennai,Tamil Nadu,9680785254
19,Navya Malhotra,Chennai,Tamil Nadu,9272038862
20,Diya Patel,Chennai,Tamil Nadu,9445446083
21,Pari Iyer,Chennai,Tamil Nadu,9423839728
22,Sai Shah,Chennai,Tamil Nadu,9356140384
23,Neha Joshi,Chennai,Tamil Nadu,9411340785
24,Meena Naidu,Chennai,Tamil Nadu,9609320126
25,Lakshmi Pillai,Chennai,Tamil Nadu,9589170454
26,Sanjay Iyer,Chennai,Tamil Nadu,9247312616
27,Rahul Bhatt,Chennai,Tamil Nadu,9432987698
28,Neha Patel,Chennai,Tamil Nadu,9860673983
29,Reyansh Gupta,Chennai,Tamil Nadu,9178619025
30,Vikram Reddy,Chennai,Tamil Nadu,9732798059
31,Rajesh Kulkarni,Chennai,Tamil Nadu,9100679900
32,Pari Iyer,Chennai,Tamil Nadu,9902923345
33,Kiara Menon,Chennai,Tamil Nadu,9620275582
34,Reyansh Kulkarni,Chennai,Tamil Nadu,9880053789
35,Lakshmi Bhatt,Chennai,Tamil Nadu,9302020304
36,Priya Chauhan,Chennai,Tamil Nadu,9029831043
37,Kiara Yadav,Chennai,Tamil Nadu,9650496273
38,Vihaan Joshi,Mumbai,Maharashtra,9833343031
39,Ravi Gupta,Mumbai,Maharashtra,9526925596
40,Rohan Reddy,Mumbai,Maharashtra,9158718452
41,Aditya Verma,Mumbai,Maharashtra,9027221425
42,Saanvi Singh,Mumbai,Maharashtra,9992045735
43,Manoj Nair,Mumbai,Maharashtra,9574223322
44,Krishna Malhotra,Mumbai,Maharashtra,9852013626
45,Ishaan Sharma,Mumbai,Maharashtra,9426201971
46,Lakshmi Gupta,Mumbai,Maharashtra,9654308952
47,Myra Joshi,Mumbai,Maharashtra,9537309649
48,Navya Pandey,Mumbai,Maharashtra,9344149169
49,Aditya Pillai,Mumbai,Maharashtra,9548534655
50,Riya Nair,Mumbai,Maharashtra,9456631138
51,Sai Malhotra,Mumbai,Maharashtra,9774174304
52,Sunita Desai,Mumbai,Maharashtra,9279955302
53,Divya Chauhan,Mumbai,Maharashtra,9240658387
54,Navya Bhatt,Mumbai,Maharashtra,9039251999
55,Lakshmi Yadav,Mumbai,Maharashtra,9504702059
56,Aditya Rao,Mumbai,Maharashtra,9955963637
57,Anil Desai,Mumbai,Maharashtra,9876401918
58,Ananya Chauhan,Mumbai,Maharashtra,9483147891
59,Aarav Joshi,Mumbai,Maharashtra,9826929900
60,Anil Singh,Mumbai,Maharashtra,9352791875
61,Priya Iyer,Mumbai,Maharashtra,9959125734
62,Lakshmi Singh,Mumbai,Maharashtra,9416734785
63,Anil Kumar,Mumbai,Maharashtra,9399741856
64,Kavita Joshi,Mumbai,Maharashtra,9103444429
65,Lakshmi Desai,Mumbai,Maharashtra,9521383507
66,Vikram Joshi,Mumbai,Maharashtra,9917105080
67,Kavita Verma,Mumbai,Maharashtra,9878828152
68,Geeta Chauhan,Mumbai,Maharashtra,9946645099
69,Ishaan Singh,Mumbai,Maharashtra,9190221797
70,Meena Sharma,Mumbai,Maharashtra,9099217790
71,Aditya Shah,Mumbai,Maharashtra,9502437361
72,Neha Kapoor,Mumbai,Maharashtra,9902837727
73,Rohan Pillai,Mumbai,Maharashtra,9636281444
74,Priya Patel,Delhi,Delhi,9034398818
75,Aditya Pandey,Delhi,Delhi,9577204410
76,Riya Rao,Delhi,Delhi,9240432611
77,Lakshmi Mehta,Delhi,Delhi,9001732590
78,Deepak Patel,Delhi,Delhi,9436023442
79,Suresh Bhatt,Delhi,Delhi,9598516021
80,Vikram Shah,Delhi,Delhi,9992164006
81,Aadhya Sharma,Delhi,Delhi,9000886346
82,Anil Pandey,Delhi,Delhi,9548186746
83,Anika Desai,Delhi,Delhi,9607569994
84,Suresh Malhotra,Delhi,Delhi,9364235700
85,Meena Pandey,Delhi,Delhi,9615120485
86,Ananya Iyer,Delhi,Delhi,9512726708
87,Riya Verma,Delhi,Delhi,9466821215
88,Pooja Kumar,Delhi,Delhi,9066405110
89,Aarav Nair,Delhi,Delhi,9471317197
90,Vihaan Bhatt,Delhi,Delhi,9371616088
91,Diya Iyer,Delhi,Delhi,9169069685
92,Kiara Yadav,Delhi,Delhi,9248481300
93,Ravi Yadav,Delhi,Delhi,9615738551
94,Aditya Joshi,Delhi,Delhi,9171073087
95,Aditya Naidu,Delhi,Delhi,9664207632
96,Rohan Pillai,Delhi,Delhi,9396159764
97,Reyansh Gupta,Delhi,Delhi,9757691716
98,Vihaan Desai,Delhi,Delhi,9801770316
99,Sunil Mehta,Delhi,Delhi,9193932727
100,Rajesh Desai,Delhi,Delhi,9020801929
101,Kiara Kulkarni,Delhi,Delhi,9988843933
102,Saanvi Gupta,Delhi,Delhi,9774954210
103,Kiara Sharma,Delhi,Delhi,9099284524
104,Geeta Iyer,Delhi,Delhi,9048770676
105,Anika Kulkarni,Delhi,Delhi,9729254355
106,Ishaan Desai,Delhi,Delhi,9604509563
107,Vihaan Pillai,Delhi,Delhi,9626438500
108,Rajesh Pillai,Delhi,Delhi,9606349429
109,Aarav Iyer,Delhi,Delhi,9548536268
110,Reyansh Shah,Delhi,Delhi,9378844370
111,Priya Sharma,Delhi,Delhi,9435660503
112,Priya Pillai,Delhi,Delhi,9396342898
113,Ananya Pillai,Chennai,Tamil Nadu,9182653371
114,Saanvi Sharma,Chennai,Tamil Nadu,9549824388
115,Krishna Pillai,Chennai,Tamil Nadu,9092640703
116,Priya Reddy,Chennai,Tamil Nadu,9276620808
117,Deepak Joshi,Chennai,Tamil Nadu,9302849760
118,Vikram Menon,Chennai,Tamil Nadu,9854662323
119,Diya Nair,Chennai,Tamil Nadu,9569992998
120,Arjun Shah,Chennai,Tamil Nadu,9407629143
121,Kiara Sharma,Chennai,Tamil Nadu,9976691948
122,Kiara Gupta,Chennai,Tamil Nadu,9379561007
123,Pooja Rao,Chennai,Tamil Nadu,9351076519
124,Neha Verma,Chennai,Tamil Nadu,9770040930
125,Amit Gupta,Chennai,Tamil Nadu,9646933356
126,Anil Patel,Chennai,Tamil Nadu,9858052632
127,Amit Pandey,Chennai,Tamil Nadu,9394676626
128,Anika Sharma,Chennai,Tamil Nadu,9989103909
129,Ishaan Verma,Chennai,Tamil Nadu,9548944538
130,Aarav Shah,Chennai,Tamil Nadu,9726602351
131,Geeta Verma,Chennai,Tamil Nadu,9571918986
132,Lakshmi Joshi,Chennai,Tamil Nadu,9673332973
133,Kiara Iyer,Chennai,Tamil Nadu,9844234719
134,Deepak Nair,Chennai,Tamil Nadu,9316806647
135,Rajesh Yadav,Chennai,Tamil Nadu,9062003638
136,Aadhya Rao,Chennai,Tamil Nadu,9664322394
137,Vikram Gupta,Chennai,Tamil Nadu,9888223788
138,Sunita Rao,Chennai,Tamil Nadu,9361080926
139,Pooja Kulkarni,Chennai,Tamil Nadu,9545122444
140,Anil Menon,Chennai,Tamil Nadu,9094134909
141,Amit Yadav,Chennai,Tamil Nadu,9802602944
142,Ravi Singh,Chennai,Tamil Nadu,9295868419
143,Rohan Kulkarni,Chennai,Tamil Nadu,9559469890
144,Pari Gupta,Chennai,Tamil Nadu,9767553981
145,Reyansh Iyer,Mumbai,Maharashtra,9190518812
146,Vikram Mehta,Mumbai,Maharashtra,9789683355
147,Reyansh Rao,Mumbai,Maharashtra,9350368715
148,Vikram Singh,Mumbai,Maharashtra,9315975729
149,Pari Kulkarni,Mumbai,Maharashtra,9215958417
150,Ishaan Kumar,Mumbai,Maharashtra,9643302650
151,Sunil Menon,Mumbai,Maharashtra,9675901779
152,Ananya Malhotra,Mumbai,Maharashtra,9277641490
153,Pari Bhatt,Mumbai,Maharashtra,9978879531
154,Arjun Kumar,Mumbai,Maharashtra,9710968564
155,Vivaan Kulkarni,Mumbai,Maharashtra,9670151459
156,Meena Reddy,Mumbai,Maharashtra,9332528613
157,Rajesh Iyer,Mumbai,Maharashtra,9973561526
158,Pooja Rao,Mumbai,Maharashtra,9985324367
159,Ravi Gupta,Mumbai,Maharashtra,9168371030
160,Aadhya Nair,Mumbai,Maharashtra,9917299403
161,Kiara Menon,Mumbai,Maharashtra,9443767348
162,Aditya Pandey,Mumbai,Maharashtra,9199034213
163,Riya Naidu,Mumbai,Maharashtra,9028814112
164,Amit Nair,Mumbai,Maharashtra,9506962616
165,Ravi Shah,Mumbai,Maharashtra,9227172662
166,Rohan Sharma,Mumbai,Maharashtra,9762381152
167,Rohan Iyer,Mumbai,Maharashtra,9892064157
168,Divya Menon,Mumbai,Maharashtra,9063578037
169,Lakshmi Kumar,Mumbai,Maharashtra,9606106567
170,Anil Shah,Mumbai,Maharashtra,9232423480
171,Rahul Malhotra,Mumbai,Maharashtra,9828630402
172,Ananya Singh,Mumbai,Maharashtra,9048502206
173,Sunita Yadav,Mumbai,Maharashtra,9923045323
174,Rahul Pillai,Mumbai,Maharashtra,9806190223
175,Myra Naidu,Mumbai,Maharashtra,9539892313
176,Kavita Naidu,Mumbai,Maharashtra,9351272455
177,Sunita Desai,Mumbai,Maharashtra,9729350979
178,Navya Naidu,Mumbai,Maharashtra,9823372094
179,Priya Sharma,Mumbai,Maharashtra,9828967136
180,Ravi Yadav,Mumbai,Maharashtra,9044104043
181,Sanjay Bhatt,Mumbai,Maharashtra,9837161158
182,Navya Iyer,Mumbai,Maharashtra,9662177580
183,Aarav Kumar,Mumbai,Maharashtra,9972073827
184,Geeta Yadav,Mumbai,Maharashtra,9716596566
185,Vikram Malhotra,Mumbai,Maharashtra,9911501016
186,Vivaan Nair,Mumbai,Maharashtra,9172665282
187,Lakshmi Bhatt,Mumbai,Maharashtra,9301000908
188,Suresh Yadav,Mumbai,Maharashtra,9474705311
189,Sanjay Kapoor,Mumbai,Maharashtra,9501627629
190,Rajesh Pandey,Mumbai,Maharashtra,9805014171
191,Geeta Nair,Mumbai,Maharashtra,9011250186
192,Vivaan Bhatt,Mumbai,Maharashtra,9571446956
193,Neha Shah,Mumbai,Maharashtra,9853207758
194,Kiara Pandey,Mumbai,Maharashtra,9729545038
195,Vivaan Patel,Mumbai,Maharashtra,9265274286
196,Deepak Nair,Mumbai,Maharashtra,9374612157
197,Reyansh Iyer,Mumbai,Maharashtra,9343888048
198,Kiara Gupta,Mumbai,Maharashtra,9029771150
199,Suresh Chauhan,Mumbai,Maharashtra,9915304450
200,Arjun Menon,Mumbai,Maharashtra,9827210513
201,Geeta Bhatt,Mumbai,Maharashtra,9476720005
202,Kavita Pillai,Mumbai,Maharashtra,9137718862
203,Navya Kapoor,Mumbai,Maharashtra,9117614215
204,Krishna Kapoor,Mumbai,Maharashtra,9270659341
205,Vikram Reddy,Mumbai,Maharashtra,9148656581
206,Krishna Nair,Mumbai,Maharashtra,9071675321
207,Rohan Mehta,Mumbai,Maharashtra,9517419258
208,Deepak Rao,Mumbai,Maharashtra,9408992177
209,Riya Sharma,Mumbai,Maharashtra,9181444248
210,Arjun Sharma,Mumbai,Maharashtra,9356594299
211,Sanjay Kumar,Mumbai,Maharashtra,9933437518
212,Kavita Shah,Mumbai,Maharashtra,9535917650
213,Sai Gupta,Mumbai,Maharashtra,9038471567
214,Manoj Bhatt,Mumbai,Maharashtra,9892571402
215,Vikram Naidu,Delhi,Delhi,9586703656
216,Neha Naidu,Delhi,Delhi,9850898977
217,Geeta Verma,Delhi,Delhi,9009406565
218,Reyansh Kapoor,Delhi,Delhi,9583746614
219,Anika Pillai,Delhi,Delhi,9398622140
220,Pooja Desai,Delhi,Delhi,9477413135
221,Deepak Joshi,Delhi,Delhi,9923831934
222,Amit Malhotra,Delhi,Delhi,9553015303
223,Pooja Reddy,Delhi,Delhi,9669100822
224,Vivaan Verma,Delhi,Delhi,9748597243
225,Kavita Kulkarni,Delhi,Delhi,9430165562
226,Sanjay Yadav,Delhi,Delhi,9538294419
227,Anil Kapoor,Delhi,Delhi,9228280183
228,Vikram Patel,Delhi,Delhi,9874114862
229,Meena Pillai,Delhi,Delhi,9224228483
230,Aditya Chauhan,Delhi,Delhi,9674627205
231,Sunil Chauhan,Delhi,Delhi,9075199198
232,Anil Pillai,Delhi,Delhi,9715692209
233,Amit Patel,Delhi,Delhi,9741685573
234,Reyansh Patel,Mumbai,Maharashtra,9797341855
235,Sunil Yadav,Mumbai,Maharashtra,9676353673
236,Vivaan Nair,Mumbai,Maharashtra,9007356582
237,Priya Joshi,Mumbai,Maharashtra,9325544118
238,Sunita Iyer,Mumbai,Maharashtra,9836030876
239,Neha Patel,Mumbai,Maharashtra,9967419916
240,Ishaan Iyer,Mumbai,Maharashtra,9169088754
241,Geeta Bhatt,Mumbai,Maharashtra,9799035971
242,Rahul Malhotra,Mumbai,Maharashtra,9973173033
243,Reyansh Verma,Mumbai,Maharashtra,9797647545
244,Deepak Naidu,Mumbai,Maharashtra,9957039962
245,Aarav Kulkarni,Mumbai,Maharashtra,9952357865
246,Manoj Kumar,Mumbai,Maharashtra,9688786020
247,Anil Kumar,Mumbai,Maharashtra,9807005102
248,Anil Mehta,Mumbai,Maharashtra,9483309587
249,Sunil Pandey,Mumbai,Maharashtra,9523329704
250,Diya Shah,Mumbai,Maharashtra,9977367724
251,Arjun Desai,Mumbai,Maharashtra,9573762426
252,Amit Chauhan,Mumbai,Maharashtra,9847422983
253,Vihaan Bhatt,Mumbai,Maharashtra,9423169792
254,Riya Reddy,Mumbai,Maharashtra,9224740985
255,Rajesh Joshi,Mumbai,Maharashtra,9125380781
256,Aarav Sharma,Mumbai,Maharashtra,9761504205
257,Suresh Gupta,Mumbai,Maharashtra,9856905096
258,Lakshmi Kumar,Mumbai,Maharashtra,9367146749
259,Manoj Menon,Mumbai,Maharashtra,9031678719
260,Navya Menon,Mumbai,Maharashtra,9830009143
261,Reyansh Iyer,Mumbai,Maharashtra,9515890418
262,Saanvi Pandey,Mumbai,Maharashtra,9137371450
263,Pari Gupta,Mumbai,Maharashtra,9413181181
264,Vihaan Naidu,Mumbai,Maharashtra,9403374499
265,Ananya Mehta,Mumbai,Maharashtra,9360640047
266,Arjun Naidu,Mumbai,Maharashtra,9196004902
267,Priya Bhatt,Mumbai,Maharashtra,9197731739
268,Krishna Kulkarni,Mumbai,Maharashtra,9250698935
269,Rahul Desai,Bengaluru,Karnataka,9161973844
270,Arjun Chauhan,Bengaluru,Karnataka,9221882206
271,Deepak Reddy,Bengaluru,Karnataka,9269379499
272,Ananya Pillai,Bengaluru,Karnataka,9879025912
273,Pari Pandey,Bengaluru,Karnataka,9741117367
274,Manoj Kapoor,Bengaluru,Karnataka,9883127365
275,Sai Verma,Bengaluru,Karnataka,9819484226
276,Divya Kulkarni,Bengaluru,Karnataka,9874033045
277,Saanvi Reddy,Bengaluru,Karnataka,9525523228
278,Anika Kumar,Bengaluru,Karnataka,9903045880
279,Sunita Patel,Bengaluru,Karnataka,9511608958
280,Meena Chauhan,Bengaluru,Karnataka,9271560338
281,Sunita Kulkarni,Bengaluru,Karnataka,9926265434
282,Vihaan Naidu,Bengaluru,Karnataka,9177613500
283,Rohan Patel,Bengaluru,Karnataka,9903223477
284,Rahul Sharma,Bengaluru,Karnataka,9761222830
285,Sanjay Iyer,Bengaluru,Karnataka,9369626902
286,Arjun Pandey,Delhi,Delhi,9929692105
287,Rajesh Singh,Delhi,Delhi,9952476096
288,Neha Kapoor,Delhi,Delhi,9164170053
289,Manoj Sharma,Delhi,Delhi,9867152077
290,Aditya Gupta,Delhi,Delhi,9029759974
291,Aarav Singh,Delhi,Delhi,9557174905
292,Kavita Singh,Delhi,Delhi,9985932135
293,Navya Iyer,Delhi,Delhi,9937178472
294,Deepak Mehta,Delhi,Delhi,9193463890
295,Navya Shah,Delhi,Delhi,9756311213
296,Riya Iyer,Delhi,Delhi,9882847052
297,Anil Menon,Delhi,Delhi,9345573562
298,Reyansh Desai,Delhi,Delhi,9788159646
299,Vivaan Malhotra,Delhi,Delhi,9895301203
300,Vikram Mehta,Delhi,Delhi,9959955055
301,Manoj Malhotra,Delhi,Delhi,9694730882
302,Aarav Gupta,Delhi,Delhi,9891134348
303,Rajesh Iyer,Delhi,Delhi,9319199082
304,Pari Singh,Delhi,Delhi,9765077525
305,Reyansh Pandey,Delhi,Delhi,9580097140
306,Riya Singh,Delhi,Delhi,9236788387
307,Rajesh Naidu,Delhi,Delhi,9281436116
308,Pooja Desai,Delhi,Delhi,9003011962
309,Anika Nair,Delhi,Delhi,9770062795
310,Krishna Desai,Delhi,Delhi,9383264897
311,Sunil Reddy,Delhi,Delhi,9302656477
312,Navya Kumar,Delhi,Delhi,9770078812
313,Sunita Verma,Delhi,Delhi,9378088669
314,Aarav Verma,Delhi,Delhi,9345220262
315,Aadhya Nair,Delhi,Delhi,9276334228
316,Aarav Patel,Delhi,Delhi,9737198517
317,Aadhya Kapoor,Delhi,Delhi,9315032198
318,Navya Nair,Delhi,Delhi,9963994959
319,Aadhya Chauhan,Hyderabad,Telangana,9166019109
320,Pari Pillai,Hyderabad,Telangana,9338780528
321,Suresh Patel,Hyderabad,Telangana,9869521215
322,Arjun Malhotra,Hyderabad,Telangana,9900415893
323,Krishna Yadav,Hyderabad,Telangana,9193968718
324,Priya Rao,Hyderabad,Telangana,9748066112
325,Lakshmi Desai,Hyderabad,Telangana,9889109619
326,Ravi Verma,Hyderabad,Telangana,9627456698
327,Sanjay Mehta,Hyderabad,Telangana,9902629761
328,Sanjay Mehta,Hyderabad,Telangana,9894961721
329,Deepak Pillai,Hyderabad,Telangana,9982402116
330,Ishaan Malhotra,Hyderabad,Telangana,9535117882
331,Ishaan Reddy,Hyderabad,Telangana,9074144301
332,Pooja Malhotra,Hyderabad,Telangana,9188817860
333,Aarav Naidu,Hyderabad,Telangana,9036665600
334,Diya Nair,Hyderabad,Telangana,9443584981
335,Vikram Iyer,Hyderabad,Telangana,9767687775
336,Divya Iyer,Hyderabad,Telangana,9149901086
337,Divya Nair,Hyderabad,Telangana,9277011549
338,Lakshmi Kulkarni,Hyderabad,Telangana,9458766949
339,Lakshmi Reddy,Hyderabad,Telangana,9369648040
340,Rohan Verma,Hyderabad,Telangana,9941010276
341,Amit Desai,Hyderabad,Telangana,9707181292
342,Anika Singh,Hyderabad,Telangana,9303485736
343,Amit Rao,Hyderabad,Telangana,9699015230
344,Vihaan Shah,Hyderabad,Telangana,9810930548
345,Myra Verma,Hyderabad,Telangana,9819695448
346,Vikram Patel,Hyderabad,Telangana,9592541238
347,Riya Reddy,Hyderabad,Telangana,9227276531
348,Navya Nair,Hyderabad,Telangana,9171557852
349,Diya Sharma,Hyderabad,Telangana,9388782188
350,Sai Kapoor,Hyderabad,Telangana,9877449924
351,Sunil Pillai,Hyderabad,Telangana,9220373378
352,Ananya Naidu,Delhi,Delhi,9056146534
353,Pooja Bhatt,Delhi,Delhi,9327904233
354,Manoj Pandey,Delhi,Delhi,9513061092
355,Rohan Desai,Delhi,Delhi,9720367027
356,Vihaan Naidu,Delhi,Delhi,9943218302
357,Krishna Kulkarni,Delhi,Delhi,9437702170
358,Myra Bhatt,Delhi,Delhi,9179364708
359,Ravi Sharma,Delhi,Delhi,9109360919
360,Rajesh Kulkarni,Delhi,Delhi,9919220513
361,Myra Joshi,Delhi,Delhi,9699971252
362,Ananya Verma,Delhi,Delhi,9294874781
363,Riya Nair,Delhi,Delhi,9124345353
364,Reyansh Verma,Delhi,Delhi,9104279749
365,Diya Shah,Delhi,Delhi,9554620213
366,Sai Pandey,Delhi,Delhi,9202241756
367,Ananya Gupta,Delhi,Delhi,9911429994
368,Anil Rao,Delhi,Delhi,9729136759
369,Rahul Menon,Delhi,Delhi,9423867077
370,Diya Desai,Delhi,Delhi,9541689392
371,Diya Kapoor,Delhi,Delhi,9135347050
372,Aditya Pandey,Delhi,Delhi,9591541963
373,Sanjay Gupta,Delhi,Delhi,9718993547
374,Aditya Verma,Bengaluru,Karnataka,9218241408
375,Saanvi Reddy,Bengaluru,Karnataka,9355579420
376,Kiara Verma,Bengaluru,Karnataka,9451945586
377,Sanjay Mehta,Bengaluru,Karnataka,9670207153
378,Rajesh Kapoor,Bengaluru,Karnataka,9780410486
379,Pari Chauhan,Bengaluru,Karnataka,9030438177
380,Priya Kapoor,Bengaluru,Karnataka,9740536251
381,Krishna Desai,Bengaluru,Karnataka,9159994426
382,Aditya Pillai,Bengaluru,Karnataka,9819735442
383,Reyansh Rao,Bengaluru,Karnataka,9104072545
384,Meena Joshi,Bengaluru,Karnataka,9236179496
385,Amit Kapoor,Bengaluru,Karnataka,9511286381
386,Krishna Verma,Bengaluru,Karnataka,9026077214
387,Amit Verma,Bengaluru,Karnataka,9275908268
388,Sanjay Kumar,Bengaluru,Karnataka,9060941750
389,Sunil Patel,Bengaluru,Karnataka,9504621764
390,Deepak Pillai,Bengaluru,Karnataka,9012493164
391,Rohan Joshi,Bengaluru,Karnataka,9672123008
392,Lakshmi Naidu,Bengaluru,Karnataka,9707060074
393,Anil Pandey,Bengaluru,Karnataka,9741427853
394,Krishna Pandey,Bengaluru,Karnataka,9766045689
395,Ravi Pillai,Bengaluru,Karnataka,9275442206
396,Ravi Kumar,Bengaluru,Karnataka,9558755245
397,Deepak Malhotra,Bengaluru,Karnataka,9825601999
398,Deepak Iyer,Bengaluru,Karnataka,9121519045
399,Sanjay Shah,Bengaluru,Karnataka,9350745093
400,Manoj Menon,Bengaluru,Karnataka,9554814712
401,Ishaan Chauhan,Bengaluru,Karnataka,9903719127
402,Sunita Kulkarni,Bengaluru,Karnataka,9835278087
403,Suresh Malhotra,Bengaluru,Karnataka,9684154635
404,Geeta Malhotra,Bengaluru,Karnataka,9537237660
405,Amit Nair,Bengaluru,Karnataka,9908783476
406,Rohan Mehta,Bengaluru,Karnataka,9727346892
407,Kavita Chauhan,Bengaluru,Karnataka,9561344088
408,Neha Malhotra,Bengaluru,Karnataka,9314098212
409,Pari Nair,Bengaluru,Karnataka,9871515474
410,Ananya Joshi,Chennai,Tamil Nadu,9202131167
411,Vivaan Shah,Chennai,Tamil Nadu,9053198410
412,Ananya Naidu,Chennai,Tamil Nadu,9973282901
413,Sunil Kulkarni,Chennai,Tamil Nadu,9312407904
414,Pari Bhatt,Chennai,Tamil Nadu,9534782772
415,Anika Rao,Chennai,Tamil Nadu,9739835652
416,Diya Nair,Chennai,Tamil Nadu,9357044455
417,Geeta Chauhan,Chennai,Tamil Nadu,9872473539
418,Aadhya Pandey,Chennai,Tamil Nadu,9014606696
419,Diya Verma,Chennai,Tamil Nadu,9861498425
420,Aadhya Pillai,Chennai,Tamil Nadu,9982930557
421,Suresh Shah,Chennai,Tamil Nadu,9760751210
422,Pari Kumar,Chennai,Tamil Nadu,9525122584
423,Meena Pandey,Chennai,Tamil Nadu,9575385139
424,Sai Kulkarni,Chennai,Tamil Nadu,9033308544
425,Divya Mehta,Chennai,Tamil Nadu,9435110269
426,Navya Kumar,Chennai,Tamil Nadu,9342797302
427,Anika Mehta,Chennai,Tamil Nadu,9644645239
428,Manoj Bhatt,Chennai,Tamil Nadu,9073460316
429,Pooja Gupta,Chennai,Tamil Nadu,9668940936
430,Sanjay Pillai,Chennai,Tamil Nadu,9989631963
431,Pooja Rao,Chennai,Tamil Nadu,9230635673
432,Aarav Menon,Chennai,Tamil Nadu,9806958621
433,Aadhya Joshi,Chennai,Tamil Nadu,9313245275
434,Sai Menon,Chennai,Tamil Nadu,9616576528
435,Ravi Nair,Chennai,Tamil Nadu,9239593601
436,Ravi Menon,Chennai,Tamil Nadu,9656707190
437,Geeta Iyer,Mumbai,Maharashtra,9662547800
438,Sanjay Menon,Mumbai,Maharashtra,9213054284
439,Divya Pillai,Mumbai,Maharashtra,9838744308
440,Sanjay Naidu,Mumbai,Maharashtra,9574058923
441,Meena Verma,Mumbai,Maharashtra,9185111567
442,Rahul Naidu,Mumbai,Maharashtra,9051557826
443,Ravi Bhatt,Mumbai,Maharashtra,9062539418
444,Diya Kumar,Mumbai,Maharashtra,9685643476
445,Kiara Kapoor,Mumbai,Maharashtra,9031016636
446,Priya Rao,Mumbai,Maharashtra,9441066788
447,Sai Patel,Mumbai,Maharashtra,9795541298
448,Pari Chauhan,Mumbai,Maharashtra,9623838440
449,Reyansh Verma,Mumbai,Maharashtra,9907444793
450,Rohan Joshi,Mumbai,Maharashtra,9289404393
451,Neha Verma,Mumbai,Maharashtra,9885329873
452,Reyansh Verma,Mumbai,Maharashtra,9804175694
453,Anil Singh,Mumbai,Maharashtra,9524991960
454,Sunita Chauhan,Mumbai,Maharashtra,9729682288
455,Sunil Mehta,Mumbai,Maharashtra,9360174304
456,Aditya Rao,Delhi,Delhi,9543163915
457,Priya Naidu,Delhi,Delhi,9665405324
458,Krishna Sharma,Delhi,Delhi,9705570529
459,Manoj Singh,Delhi,Delhi,9495312734
460,Ananya Yadav,Delhi,Delhi,9719884089
461,Amit Malhotra,Delhi,Delhi,9869902131
462,Aarav Yadav,Delhi,Delhi,9203314656
463,Anika Pandey,Delhi,Delhi,9876412613
464,Rajesh Kulkarni,Delhi,Delhi,9932596276
465,Vivaan Rao,Delhi,Delhi,9694473534
466,Vivaan Gupta,Delhi,Delhi,9877795334
467,Geeta Kulkarni,Delhi,Delhi,9878842047
468,Meena Singh,Delhi,Delhi,9636139594
469,Rohan Rao,Delhi,Delhi,9008100142
470,Geeta Kulkarni,Delhi,Delhi,9652948305
471,Sai Patel,Delhi,Delhi,9077128061
472,Sunita Pandey,Delhi,Delhi,9673507810
473,Vihaan Malhotra,Delhi,Delhi,9636210516
474,Lakshmi Kulkarni,Delhi,Delhi,9991548270
475,Rajesh Mehta,Delhi,Delhi,9892235528
476,Deepak Kapoor,Delhi,Delhi,9283101850
477,Kiara Menon,Delhi,Delhi,9477496337
478,Suresh Yadav,Delhi,Delhi,9773660985
479,Diya Mehta,Delhi,Delhi,9747774372
480,Navya Verma,Delhi,Delhi,9591934424
481,Manoj Nair,Delhi,Delhi,9763097739
482,Sanjay Iyer,Delhi,Delhi,9546305941
483,Kavita Singh,Delhi,Delhi,9395070513
484,Meena Verma,Delhi,Delhi,9858306848
485,Amit Bhatt,Bengaluru,Karnataka,9898810855
486,Amit Kumar,Bengaluru,Karnataka,9408922706
487,Aditya Pandey,Bengaluru,Karnataka,9045398048
488,Krishna Rao,Bengaluru,Karnataka,9536127698
489,Suresh Kapoor,Bengaluru,Karnataka,9829694541
490,Sai Kumar,Bengaluru,Karnataka,9326213841
491,Sunita Naidu,Bengaluru,Karnataka,9674695881
492,Amit Menon,Bengaluru,Karnataka,9403883331
493,Priya Joshi,Bengaluru,Karnataka,9046026224
494,Navya Verma,Bengaluru,Karnataka,9737308714
495,Navya Yadav,Bengaluru,Karnataka,9384754318
496,Geeta Bhatt,Bengaluru,Karnataka,9804333156
497,Amit Reddy,Bengaluru,Karnataka,9995081900
498,Vikram Kapoor,Bengaluru,Karnataka,9997526158
499,Manoj Pandey,Bengaluru,Karnataka,9034011761
500,Anika Nair,Bengaluru,Karnataka,9424114754
501,Navya Reddy,Bengaluru,Karnataka,9137134631
502,Rahul Verma,Bengaluru,Karnataka,9409370118
503,Vivaan Singh,Bengaluru,Karnataka,9806831121
504,Lakshmi Patel,Bengaluru,Karnataka,9207937415
505,Reyansh Reddy,Hyderabad,Telangana,9133010753
506,Kiara Reddy,Hyderabad,Telangana,9682260809
507,Rahul Malhotra,Hyderabad,Telangana,9882348118
508,Meena Gupta,Hyderabad,Telangana,9611955309
509,Myra Rao,Hyderabad,Telangana,9550652990
510,Aditya Mehta,Hyderabad,Telangana,9405155674
511,Pari Chauhan,Hyderabad,Telangana,9768348752
512,Vivaan Naidu,Hyderabad,Telangana,9174164776
513,Vikram Bhatt,Hyderabad,Telangana,9929759144
514,Ishaan Kumar,Hyderabad,Telangana,9974767666
515,Manoj Pillai,Hyderabad,Telangana,9140577025
516,Meena Mehta,Hyderabad,Telangana,9307277282
517,Manoj Pillai,Hyderabad,Telangana,9784247164
518,Diya Desai,Hyderabad,Telangana,9924941801
519,Aadhya Yadav,Hyderabad,Telangana,9438375428
520,Vikram Yadav,Hyderabad,Telangana,9388949128
521,Myra Naidu,Hyderabad,Telangana,9026578149
522,Aadhya Naidu,Hyderabad,Telangana,9339701014
523,Rahul Pandey,Hyderabad,Telangana,9311959602
524,Reyansh Reddy,Hyderabad,Telangana,9488160580
525,Divya Naidu,Hyderabad,Telangana,9042416981
526,Sunita Pillai,Hyderabad,Telangana,9842845576
527,Geeta Patel,Hyderabad,Telangana,9476988012
528,Neha Joshi,Hyderabad,Telangana,9863602536
529,Ravi Shah,Hyderabad,Telangana,9393004603
530,Rahul Pillai,Delhi,Delhi,9547388084
531,Vivaan Joshi,Delhi,Delhi,9141200740
532,Divya Gupta,Delhi,Delhi,9258193669
533,Myra Menon,Delhi,Delhi,9883196025
534,Deepak Sharma,Delhi,Delhi,9199824770
535,Kavita Kumar,Delhi,Delhi,9179224199
536,Vihaan Mehta,Delhi,Delhi,9997430878
537,Anil Iyer,Delhi,Delhi,9730597662
538,Divya Patel,Delhi,Delhi,9060154138
539,Manoj Menon,Delhi,Delhi,9506001266
540,Sunil Yadav,Delhi,Delhi,9873073216
541,Vikram Kapoor,Delhi,Delhi,9411602859
542,Suresh Kapoor,Delhi,Delhi,9786740477
543,Aarav Mehta,Delhi,Delhi,9579991584
544,Neha Shah,Delhi,Delhi,9218154478
545,Vikram Kapoor,Delhi,Delhi,9523999636
546,Sunita Yadav,Delhi,Delhi,9313475619
547,Deepak Malhotra,Delhi,Delhi,9927462268
548,Rohan Pillai,Delhi,Delhi,9715736850
549,Rajesh Mehta,Delhi,Delhi,9764756657
550,Lakshmi Sharma,Delhi,Delhi,9781629309
551,Pooja Gupta,Delhi,Delhi,9229830878
552,Rahul Kulkarni,Delhi,Delhi,9781408282
553,Vihaan Joshi,Delhi,Delhi,9815193942
554,Rohan Patel,Delhi,Delhi,9049779572
555,Pari Chauhan,Delhi,Delhi,9227770859
556,Divya Pillai,Delhi,Delhi,9317525232
557,Meena Nair,Delhi,Delhi,9706258736
558,Geeta Kumar,Delhi,Delhi,9708053828
559,Aditya Pandey,Delhi,Delhi,9699399451
560,Sunil Singh,Delhi,Delhi,9899088860
561,Riya Menon,Delhi,Delhi,9843097975
562,Anil Mehta,Chennai,Tamil Nadu,9920630416
563,Anika Kulkarni,Chennai,Tamil Nadu,9961360772
564,Vivaan Yadav,Chennai,Tamil Nadu,9673092407
565,Anika Kulkarni,Chennai,Tamil Nadu,9500394558
566,Reyansh Kulkarni,Chennai,Tamil Nadu,9228439656
567,Aarav Kumar,Chennai,Tamil Nadu,9002906954
568,Saanvi Kapoor,Chennai,Tamil Nadu,9134176228
569,Priya Shah,Chennai,Tamil Nadu,9646764785
570,Pooja Mehta,Chennai,Tamil Nadu,9918198052
571,Suresh Pillai,Chennai,Tamil Nadu,9445406914
572,Neha Mehta,Chennai,Tamil Nadu,9141343076
573,Kavita Pandey,Chennai,Tamil Nadu,9826111476
574,Krishna Shah,Chennai,Tamil Nadu,9857816560
575,Riya Mehta,Chennai,Tamil Nadu,9030834911
576,Riya Gupta,Chennai,Tamil Nadu,9787602874
577,Meena Joshi,Chennai,Tamil Nadu,9395369823
578,Navya Kumar,Chennai,Tamil Nadu,9748562378
579,Anika Joshi,Mumbai,Maharashtra,9357777859
580,Anil Gupta,Mumbai,Maharashtra,9610376329
581,Aditya Iyer,Mumbai,Maharashtra,9759425016
582,Sunita Kulkarni,Mumbai,Maharashtra,9602445697
583,Sunil Verma,Mumbai,Maharashtra,9414036348
584,Myra Verma,Mumbai,Maharashtra,9636578371
585,Anil Bhatt,Mumbai,Maharashtra,9944388269
586,Diya Naidu,Mumbai,Maharashtra,9072544527
587,Manoj Naidu,Mumbai,Maharashtra,9075013993
588,Pooja Shah,Mumbai,Maharashtra,9094665497
589,Rahul Sharma,Mumbai,Maharashtra,9456869690
590,Riya Rao,Mumbai,Maharashtra,9018445766
591,Pari Shah,Mumbai,Maharashtra,9019892891
592,Anika Desai,Mumbai,Maharashtra,9512069061
593,Sunil Pillai,Mumbai,Maharashtra,9305390034
594,Diya Singh,Mumbai,Maharashtra,9095728397
595,Ishaan Verma,Mumbai,Maharashtra,9469074390
596,Kavita Gupta,Mumbai,Maharashtra,9666471079
597,Navya Rao,Mumbai,Maharashtra,9831672324
598,Anika Naidu,Mumbai,Maharashtra,9658575790
599,Rohan Kulkarni,Mumbai,Maharashtra,9755475396
600,Reyansh Iyer,Mumbai,Maharashtra,9580443065
601,Riya Reddy,Mumbai,Maharashtra,9473594689
602,Divya Chauhan,Mumbai,Maharashtra,9632304772
603,Aadhya Desai,Mumbai,Maharashtra,9356808779
604,Aditya Kumar,Mumbai,Maharashtra,9454826277
605,Deepak Reddy,Mumbai,Maharashtra,9352845470
606,Anil Reddy,Mumbai,Maharashtra,9603534176
607,Saanvi Chauhan,Mumbai,Maharashtra,9091744794
608,Aditya Sharma,Mumbai,Maharashtra,9805980188
609,Anika Gupta,Mumbai,Maharashtra,9519807027
610,Neha Malhotra,Bengaluru,Karnataka,9389161905
611,Sanjay Shah,Bengaluru,Karnataka,9874940092
612,Reyansh Mehta,Bengaluru,Karnataka,9812362424
613,Deepak Shah,Bengaluru,Karnataka,9180420223
614,Amit Joshi,Bengaluru,Karnataka,9464533479
615,Myra Malhotra,Bengaluru,Karnataka,9241997711
616,Priya Shah,Bengaluru,Karnataka,9580843196
617,Geeta Shah,Bengaluru,Karnataka,9123459232
618,Aarav Iyer,Bengaluru,Karnataka,9633564162
619,Arjun Reddy,Bengaluru,Karnataka,9390045892
620,Priya Sharma,Bengaluru,Karnataka,9940447501
621,Sai Kapoor,Bengaluru,Karnataka,9142028612
622,Kiara Iyer,Bengaluru,Karnataka,9956176294
623,Navya Mehta,Bengaluru,Karnataka,9989777382
624,Ananya Iyer,Bengaluru,Karnataka,9924567089
625,Ishaan Menon,Bengaluru,Karnataka,9230070861
626,Suresh Pandey,Bengaluru,Karnataka,9624126676
627,Arjun Mehta,Bengaluru,Karnataka,9683095312
628,Manoj Shah,Bengaluru,Karnataka,9900449100
629,Krishna Patel,Bengaluru,Karnataka,9835156095
630,Aditya Pillai,Bengaluru,Karnataka,9371220725
631,Geeta Rao,Bengaluru,Karnataka,9288741594
632,Arjun Sharma,Bengaluru,Karnataka,9708240893
633,Myra Chauhan,Hyderabad,Telangana,9092767360
634,Meena Pandey,Hyderabad,Telangana,9412436160
635,Saanvi Pandey,Hyderabad,Telangana,9157522950
636,Aarav Reddy,Hyderabad,Telangana,9032082341
637,Anika Malhotra,Hyderabad,Telangana,9026028465
638,Amit Naidu,Hyderabad,Telangana,9537947631
639,Ananya Bhatt,Hyderabad,Telangana,9425658293
640,Reyansh Chauhan,Hyderabad,Telangana,9048786015
641,Sunita Naidu,Hyderabad,Telangana,9550053576
642,Vihaan Kulkarni,Hyderabad,Telangana,9146017419
643,Diya Yadav,Hyderabad,Telangana,9367562754
644,Ananya Naidu,Hyderabad,Telangana,9043885287
645,Ananya Shah,Hyderabad,Telangana,9771157873
646,Ravi Rao,Hyderabad,Telangana,9247922476
647,Sanjay Iyer,Hyderabad,Telangana,9218195171
648,Navya Yadav,Hyderabad,Telangana,9995977031
649,Pooja Naidu,Hyderabad,Telangana,9392060429
650,Riya Pillai,Hyderabad,Telangana,9616806803
651,Navya Gupta,Hyderabad,Telangana,9765920594
652,Riya Kapoor,Hyderabad,Telangana,9888804970
653,Priya Singh,Hyderabad,Telangana,9043942900
654,Vihaan Pandey,Hyderabad,Telangana,9181361700
655,Geeta Patel,Hyderabad,Telangana,9176111483
656,Navya Menon,Hyderabad,Telangana,9446228074
657,Sunil Shah,Hyderabad,Telangana,9955296435
658,Vihaan Nair,Hyderabad,Telangana,9024130011
659,Aarav Naidu,Hyderabad,Telangana,9649967276
660,Manoj Shah,Hyderabad,Telangana,9469707119
661,Suresh Sharma,Hyderabad,Telangana,9805711784
662,Sanjay Pandey,Hyderabad,Telangana,9452733188
663,Sunita Bhatt,Hyderabad,Telangana,9240555251
664,Sunita Iyer,Hyderabad,Telangana,9500932195
665,Rajesh Reddy,Hyderabad,Telangana,9751967929
666,Sunita Nair,Hyderabad,Telangana,9880111305
667,Geeta Yadav,Hyderabad,Telangana,9702146169
668,Anil Joshi,Hyderabad,Telangana,9119906563
669,Pari Joshi,Chennai,Tamil Nadu,9883660798
670,Rohan Kumar,Chennai,Tamil Nadu,9033714213
671,Divya Singh,Chennai,Tamil Nadu,9161809809
672,Saanvi Iyer,Chennai,Tamil Nadu,9974511651
673,Neha Mehta,Chennai,Tamil Nadu,9506369851
674,Deepak Pillai,Chennai,Tamil Nadu,9442221242
675,Arjun Bhatt,Chennai,Tamil Nadu,9719163354
676,Lakshmi Chauhan,Chennai,Tamil Nadu,9314536513
677,Aarav Kapoor,Chennai,Tamil Nadu,9697296720
678,Vihaan Menon,Chennai,Tamil Nadu,9972675457
679,Deepak Naidu,Chennai,Tamil Nadu,9638586922
680,Rohan Singh,Chennai,Tamil Nadu,9554179394
681,Kiara Verma,Chennai,Tamil Nadu,9779975109
682,Diya Chauhan,Chennai,Tamil Nadu,9905552378
683,Pari Kapoor,Chennai,Tamil Nadu,9490359341
684,Neha Yadav,Chennai,Tamil Nadu,9702579535
685,Ishaan Singh,Chennai,Tamil Nadu,9693953910
686,Riya Pillai,Chennai,Tamil Nadu,9920740518
687,Suresh Reddy,Chennai,Tamil Nadu,9263700796
688,Rahul Chauhan,Chennai,Tamil Nadu,9099441475
689,Rajesh Yadav,Chennai,Tamil Nadu,9059256870
690,Sunil Sharma,Chennai,Tamil Nadu,9294462763
691,Rohan Rao,Chennai,Tamil Nadu,9875120901
692,Aadhya Patel,Chennai,Tamil Nadu,9459421042
693,Geeta Patel,Chennai,Tamil Nadu,9135128483
694,Geeta Bhatt,Chennai,Tamil Nadu,9691573494
695,Ananya Patel,Chennai,Tamil Nadu,9170712787
696,Vivaan Sharma,Chennai,Tamil Nadu,9284224170
697,Navya Kulkarni,Chennai,Tamil Nadu,9211670062
698,Geeta Patel,Chennai,Tamil Nadu,9549497254
699,Sunil Chauhan,Chennai,Tamil Nadu,9304317842
700,Manoj Rao,Chennai,Tamil Nadu,9237207419
701,Sanjay Joshi,Chennai,Tamil Nadu,9899818119
702,Divya Malhotra,Chennai,Tamil Nadu,9173163324
703,Sunita Kulkarni,Chennai,Tamil Nadu,9991528311
704,Riya Menon,Chennai,Tamil Nadu,9973847184
705,Geeta Malhotra,Bengaluru,Karnataka,9446150123
706,Kavita Patel,Chennai,Tamil Nadu,9714243211
707,Suresh Bhatt,Hyderabad,Telangana,9381575015
708,Rajesh Chauhan,Chennai,Tamil Nadu,9959902344
709,Meena Nair,Chennai,Tamil Nadu,9722391761
710,Ravi Verma,Bengaluru,Karnataka,9954551924
711,Arjun Sharma,Hyderabad,Telangana,9907195714
712,Aarav Menon,Delhi,Delhi,9006045199
713,Rajesh Reddy,Delhi,Delhi,9359964260
714,Lakshmi Mehta,Hyderabad,Telangana,9945892251
715,Aadhya Mehta,Hyderabad,Telangana,9457498839
716,Rajesh Reddy,Delhi,Delhi,9216983232
717,Aditya Nair,Hyderabad,Telangana,9369310571
718,Navya Kumar,Hyderabad,Telangana,9746123190
719,Neha Pandey,Hyderabad,Telangana,9543105577
720,Krishna Mehta,Hyderabad,Telangana,9141405085
721,Ravi Iyer,Chennai,Tamil Nadu,9091881224
722,Deepak Gupta,Mumbai,Maharashtra,9720153330
723,Aadhya Kulkarni,Bengaluru,Karnataka,9463514522
724,Amit Sharma,Chennai,Tamil Nadu,9163270349
725,Manoj Reddy,Chennai,Tamil Nadu,9996149491
726,Vihaan Bhatt,Mumbai,Maharashtra,9347112027
727,Diya Rao,Delhi,Delhi,9966514448
728,Meena Mehta,Delhi,Delhi,9044327192
729,Rahul Pillai,Mumbai,Maharashtra,9811644668
730,Rohan Naidu,Bengaluru,Karnataka,9168927888
731,Riya Yadav,Mumbai,Maharashtra,9001976893
732,Rajesh Naidu,Delhi,Delhi,9247721396
733,Reyansh Kapoor,Delhi,Delhi,9656667157
734,Ananya Yadav,Mumbai,Maharashtra,9978532101
735,Krishna Singh,Hyderabad,Telangana,9386488362
736,Anil Gupta,Delhi,Delhi,9888678950
737,Neha Malhotra,Delhi,Delhi,9843210954
738,Vivaan Sharma,Delhi,Delhi,9044415663
739,Anil Mehta,Chennai,Tamil Nadu,9324148426
740,Arjun Patel,Delhi,Delhi,9487774763
741,Ishaan Malhotra,Hyderabad,Telangana,9987908686
742,Vihaan Rao,Bengaluru,Karnataka,9149800847
743,Rohan Patel,Bengaluru,Karnataka,9469845989
744,Arjun Mehta,Mumbai,Maharashtra,9128513684
