id,account_id,withdrawal_point_id,amount,timestamp,ring_id,complaint_id
1,803,136,273223.82,2026-08-14T10:22:16,1.0,1
2,803,136,263038.19,2026-08-26T12:53:25,1.0,2
3,804,153,115721.94,2026-07-07T07:48:41,1.0,3
4,801,136,21626.61,2026-06-25T05:02:50,1.0,4
5,803,153,384491.85,2026-06-06T20:41:20,1.0,5
6,802,131,164297.29,2026-08-19T08:28:55,1.0,6
7,803,138,132382.12,2026-07-29T02:33:44,1.0,7
8,804,153,185316.92,2026-06-30T09:22:19,1.0,8
9,802,146,17574.45,2026-08-02T09:33:00,1.0,9
10,802,138,173519.46,2026-06-03T09:48:23,1.0,10
11,801,136,270374.75,2026-06-04T03:10:13,1.0,11
12,803,153,327886.62,2026-08-07T01:29:17,1.0,12
13,804,153,37948.49,2026-08-18T15:43:16,1.0,13
14,803,126,212154.84,2026-07-29T22:16:01,1.0,14
15,801,146,227436.09,2026-07-27T08:15:59,1.0,15
16,801,135,237837.93,2026-06-28T22:58:59,1.0,16
17,801,132,332063.36,2026-07-30T10:40:03,1.0,17
18,802,136,152820.49,2026-07-23T13:28:23,1.0,18
19,811,108,187605.89,2026-06-17T21:07:28,2.0,19
20,805,93,271652.93,2026-07-10T19:38:36,2.0,20
21,808,94,272874.74,2026-07-06T22:45:07,2.0,21
22,811,119,312150.24,2026-06-30T16:27:05,2.0,22
23,807,119,120999.19,2026-08-06T10:44:11,2.0,23
24,805,108,292103.04,2026-07-24T00:12:45,2.0,24
25,809,94,163916.36,2026-08-17T16:23:26,2.0,25
26,809,104,233287.35,2026-06-04T23:50:09,2.0,26
27,809,108,247852.88,2026-08-01T09:25:38,2.0,27
28,809,101,282049.65,2026-08-28T08:21:55,2.0,28
29,807,119,233884.8,2026-08-25T15:06:37,2.0,29
30,811,93,7456.26,2026-08-20T14:25:38,2.0,30
31,805,119,293729.47,2026-07-02T15:52:47,2.0,31
32,811,108,118942.81,2026-08-06T22:41:43,2.0,32
33,811,108,107195.8,2026-07-31T00:40:26,2.0,33
34,809,93,316249.07,2026-08-06T12:35:18,2.0,34
35,805,99,163710.72,2026-08-21T22:36:01,2.0,35
36,805,108,198167.75,2026-06-11T04:58:14,2.0,36
37,809,93,100683.1,2026-07-19T21:24:24,2.0,37
38,811,99,254848.63,2026-06-30T12:53:15,2.0,38
39,811,119,51085.53,2026-07-02T06:11:56,2.0,39
40,806,108,341110.06,2026-06-03T16:36:56,2.0,40
41,813,153,176909.59,2026-08-27T01:14:48,3.0,41
42,817,122,163760.82,2026-08-23T15:27:39,3.0,42
43,815,141,171132.51,2026-06-27T14:30:57,3.0,43
44,816,141,156466.01,2026-07-03T07:05:22,3.0,44
45,812,122,331593.73,2026-07-18T22:11:10,3.0,45
46,816,144,152139.1,2026-08-18T14:08:20,3.0,46
47,817,122,186979.34,2026-07-16T06:24:06,3.0,47
48,816,145,29380.0,2026-08-16T13:30:01,3.0,48
49,812,122,325863.67,2026-06-12T11:18:08,3.0,49
50,812,122,220643.71,2026-08-01T06:45:41,3.0,50
51,818,152,272393.1,2026-07-20T06:34:38,3.0,51
52,813,141,88717.23,2026-06-20T15:16:31,3.0,52
53,813,147,103667.14,2026-06-22T06:44:32,3.0,53
54,818,152,338320.31,2026-08-24T21:36:01,3.0,54
55,818,141,41099.78,2026-07-05T08:30:56,3.0,55
56,818,122,230358.15,2026-08-21T22:37:56,3.0,56
57,812,147,319710.75,2026-06-14T21:43:52,3.0,57
58,813,147,209918.37,2026-07-26T21:56:51,3.0,58
59,822,122,306963.39,2026-06-24T21:26:27,4.0,59
60,821,122,299263.55,2026-07-27T04:18:43,4.0,60
61,819,150,161678.56,2026-07-15T01:31:20,4.0,61
62,821,133,73568.76,2026-08-27T12:29:57,4.0,62
63,821,125,147099.37,2026-07-07T18:41:23,4.0,63
64,820,125,275064.31,2026-07-01T03:50:52,4.0,64
65,820,138,376314.34,2026-06-14T16:48:24,4.0,65
66,820,127,384929.45,2026-06-02T22:08:21,4.0,66
67,819,125,145223.22,2026-06-05T01:35:05,4.0,67
68,822,122,132754.55,2026-08-10T21:27:33,4.0,68
69,819,122,31667.83,2026-07-14T18:44:46,4.0,69
70,822,125,306227.55,2026-06-24T09:56:42,4.0,70
71,820,127,333273.84,2026-07-28T17:31:54,4.0,71
72,821,125,128653.53,2026-07-27T20:42:03,4.0,72
73,821,155,46303.9,2026-07-22T01:04:20,4.0,73
74,821,125,282872.77,2026-06-13T16:13:38,4.0,74
75,821,133,314820.39,2026-06-22T06:33:33,4.0,75
76,822,122,5498.3,2026-07-11T00:41:21,4.0,76
77,819,155,123301.0,2026-07-28T18:37:19,4.0,77
78,821,133,180527.81,2026-07-28T13:11:15,4.0,78
79,822,133,291755.24,2026-06-27T07:14:50,4.0,79
80,821,133,177749.04,2026-06-18T00:53:18,4.0,80
81,821,133,315606.53,2026-06-03T15:25:40,4.0,81
82,822,122,247666.4,2026-06-10T06:37:09,4.0,82
83,820,127,201724.5,2026-06-11T12:32:16,4.0,83
84,820,125,100147.61,2026-07-13T16:01:06,4.0,84
85,821,122,25852.67,2026-06-01T09:49:21,4.0,85
86,822,158,92236.46,2026-07-08T23:08:42,4.0,86
87,820,125,237019.05,2026-06-28T19:11:15,4.0,87
88,821,133,258461.28,2026-06-16T16:44:34,4.0,88
89,819,127,332755.03,2026-08-03T21:27:58,4.0,89
90,821,132,246560.19,2026-08-13T01:11:55,4.0,90
91,828,109,135116.95,2026-06-07T18:06:48,5.0,91
92,826,85,274882.09,2026-07-30T00:44:30,5.0,92
93,823,85,36596.27,2026-06-10T11:11:41,5.0,93
94,824,105,297259.52,2026-07-23T00:10:20,5.0,94
95,824,85,265124.71,2026-06-19T08:00:25,5.0,95
96,829,90,22025.33,2026-07-08T05:32:49,5.0,96
97,826,85,277612.2,2026-06-04T10:22:49,5.0,97
98,826,90,131849.29,2026-08-16T16:48:51,5.0,98
99,823,85,210281.44,2026-06-20T15:09:29,5.0,99
100,828,105,73614.48,2026-07-18T19:23:21,5.0,100
101,829,90,32852.98,2026-08-15T04:13:40,5.0,101
102,826,85,13091.93,2026-07-26T00:09:11,5.0,102
103,828,105,266548.46,2026-06-12T22:46:19,5.0,103
104,824,85,262606.01,2026-07-07T01:34:17,5.0,104
105,824,85,281868.45,2026-08-19T02:49:56,5.0,105
106,826,98,80779.88,2026-07-11T10:04:59,5.0,106
107,828,85,202059.31,2026-06-02T07:57:08,5.0,107
108,827,90,317399.41,2026-08-08T14:55:12,5.0,108
109,826,90,269157.43,2026-06-04T14:39:35,5.0,109
110,827,90,8766.24,2026-07-29T22:30:38,5.0,110
111,826,85,340112.8,2026-06-04T18:26:53,5.0,111
112,825,90,39405.11,2026-08-11T01:13:45,5.0,112
113,823,109,113592.34,2026-07-01T18:39:04,5.0,113
114,829,105,128326.56,2026-06-25T00:45:21,5.0,114
115,828,105,65814.51,2026-06-08T10:48:42,5.0,115
116,827,90,9741.71,2026-08-01T11:18:32,5.0,116
117,826,105,61412.05,2026-08-15T13:11:53,5.0,117
118,826,90,264719.1,2026-07-07T00:22:27,5.0,118
119,830,85,379565.18,2026-06-21T15:04:51,5.0,119
120,832,46,188010.04,2026-08-10T04:58:48,6.0,120
121,832,56,184224.41,2026-06-25T15:19:05,6.0,121
122,832,71,221441.37,2026-07-07T13:14:57,6.0,122
123,833,46,235531.27,2026-08-27T07:51:28,6.0,123
124,833,71,114797.44,2026-06-06T18:49:30,6.0,124
125,834,46,201148.43,2026-07-18T05:48:53,6.0,125
126,833,46,29389.61,2026-07-02T13:15:32,6.0,126
127,832,45,25275.51,2026-06-18T17:49:19,6.0,127
128,832,56,162735.53,2026-06-05T11:29:54,6.0,128
129,834,60,98942.9,2026-06-29T11:32:29,6.0,129
130,832,56,298483.82,2026-06-02T06:54:04,6.0,130
131,831,56,141527.86,2026-08-10T02:39:49,6.0,131
132,831,56,147642.34,2026-07-02T00:53:16,6.0,132
133,831,46,218058.66,2026-06-06T01:02:24,6.0,133
134,833,56,65743.19,2026-08-06T21:13:01,6.0,134
135,834,56,118713.16,2026-06-08T15:14:12,6.0,135
136,832,56,75542.16,2026-06-27T05:34:39,6.0,136
137,831,46,190109.01,2026-06-01T19:05:57,6.0,137
138,831,56,198511.42,2026-06-03T17:11:01,6.0,138
139,832,46,156983.48,2026-07-22T04:17:39,6.0,139
140,832,46,302478.97,2026-06-04T10:10:03,6.0,140
141,832,46,204844.51,2026-08-09T21:33:48,6.0,141
142,831,56,204285.39,2026-08-11T21:44:15,6.0,142
143,833,46,185850.0,2026-07-17T05:13:07,6.0,143
144,832,60,63004.35,2026-07-11T06:31:35,6.0,144
145,834,45,189280.02,2026-06-24T21:10:18,6.0,145
146,832,56,295565.4,2026-06-23T10:44:46,6.0,146
147,831,60,243432.39,2026-08-08T20:35:44,6.0,147
148,834,56,96310.73,2026-06-01T16:36:22,6.0,148
149,832,60,102895.73,2026-07-11T09:53:48,6.0,149
150,833,60,281167.88,2026-07-13T11:19:20,6.0,150
151,837,106,129189.73,2026-08-31T05:36:39,7.0,151
152,837,106,164748.27,2026-07-14T04:26:54,7.0,152
153,836,112,139318.61,2026-07-11T03:49:05,7.0,153
154,837,91,71604.3,2026-08-18T10:59:18,7.0,154
155,836,98,126838.08,2026-06-17T05:06:53,7.0,155
156,835,91,332378.42,2026-06-23T03:08:29,7.0,156
157,836,91,208102.14,2026-07-09T09:41:33,7.0,157
158,836,112,357499.04,2026-08-08T00:21:44,7.0,158
159,836,114,204772.42,2026-07-29T00:23:59,7.0,159
160,836,91,254805.98,2026-07-03T13:45:30,7.0,160
161,837,112,324894.98,2026-06-14T08:41:54,7.0,161
162,837,112,14876.91,2026-06-08T19:00:02,7.0,162
163,837,91,298127.46,2026-08-18T22:19:46,7.0,163
164,836,91,266820.89,2026-06-18T19:45:00,7.0,164
165,836,87,308533.92,2026-07-20T16:04:57,7.0,165
166,837,106,112498.62,2026-07-09T22:48:40,7.0,166
167,840,149,182175.31,2026-06-09T20:01:16,8.0,167
168,844,158,345099.81,2026-08-29T15:22:15,8.0,168
169,839,158,230707.94,2026-06-11T21:42:17,8.0,169
170,841,137,143313.53,2026-06-29T16:19:33,8.0,170
171,838,158,223503.31,2026-08-01T14:19:32,8.0,171
172,841,149,261421.57,2026-07-30T04:13:29,8.0,172
173,841,149,161256.78,2026-08-06T13:26:54,8.0,173
174,842,135,58539.69,2026-08-24T22:17:55,8.0,174
175,844,146,398009.8,2026-08-10T11:57:56,8.0,175
176,839,149,167917.6,2026-08-27T02:30:34,8.0,176
177,840,149,33162.22,2026-07-05T00:34:57,8.0,177
178,838,149,206484.08,2026-08-19T06:10:23,8.0,178
179,841,149,385119.0,2026-07-17T15:51:14,8.0,179
180,838,157,294444.91,2026-06-15T04:29:09,8.0,180
181,843,135,237092.01,2026-08-14T16:26:51,8.0,181
182,840,135,12231.91,2026-07-17T02:46:07,8.0,182
183,838,137,168510.64,2026-07-27T23:37:53,8.0,183
184,840,137,13739.59,2026-07-29T20:25:05,8.0,184
185,843,159,282885.33,2026-08-01T08:48:35,8.0,185
186,843,149,238018.54,2026-07-27T00:05:13,8.0,186
187,841,135,244401.81,2026-07-15T21:39:05,8.0,187
188,846,92,32073.07,2026-07-26T19:33:54,9.0,188
189,846,98,283647.36,2026-07-26T17:07:46,9.0,189
190,846,115,86125.84,2026-08-16T20:18:47,9.0,190
191,845,88,323199.82,2026-08-15T09:46:46,9.0,191
192,847,98,171771.02,2026-06-07T11:48:40,9.0,192
193,846,88,289063.7,2026-06-12T00:16:54,9.0,193
194,845,88,277156.9,2026-08-10T00:19:33,9.0,194
195,845,98,269550.14,2026-08-20T11:19:49,9.0,195
196,847,92,392126.28,2026-06-23T03:34:21,9.0,196
197,847,100,308709.33,2026-07-13T10:27:54,9.0,197
198,846,92,324230.33,2026-07-29T23:16:40,9.0,198
199,845,109,292647.56,2026-08-10T12:55:13,9.0,199
200,845,92,302835.96,2026-06-09T03:01:03,9.0,200
201,847,92,113612.52,2026-08-12T19:57:52,9.0,201
202,847,88,398322.62,2026-07-23T11:32:54,9.0,202
203,847,118,195642.36,2026-06-13T05:29:16,9.0,203
204,846,118,349986.85,2026-08-01T14:20:53,9.0,204
205,847,88,263326.03,2026-08-17T12:01:30,9.0,205
206,845,92,89813.87,2026-08-18T20:33:07,9.0,206
207,846,88,231059.79,2026-08-03T10:45:58,9.0,207
208,845,92,322107.33,2026-08-18T22:17:31,9.0,208
209,846,98,86390.4,2026-08-27T09:41:20,9.0,209
210,845,98,25778.62,2026-08-21T06:04:32,9.0,210
211,846,88,411352.92,2026-07-31T12:17:55,9.0,211
212,847,88,75115.52,2026-07-15T11:27:32,9.0,212
213,847,88,190681.99,2026-07-08T15:24:59,9.0,213
214,847,98,263080.84,2026-08-24T19:18:01,9.0,214
215,847,88,339292.42,2026-06-06T00:50:54,9.0,215
216,846,92,17667.64,2026-08-07T23:21:49,9.0,216
217,847,92,277445.73,2026-08-03T14:51:50,9.0,217
218,848,39,187788.68,2026-07-26T08:15:38,10.0,218
219,849,34,265232.37,2026-07-27T00:36:11,10.0,219
220,849,39,166805.0,2026-06-09T03:37:08,10.0,220
221,851,24,177009.29,2026-06-22T05:18:30,10.0,221
222,852,39,79063.73,2026-07-02T07:47:09,10.0,222
223,848,39,277945.33,2026-08-27T06:15:09,10.0,223
224,848,38,171212.65,2026-07-31T00:40:17,10.0,224
225,849,8,286914.31,2026-06-10T09:48:25,10.0,225
226,852,34,217211.63,2026-08-10T01:57:59,10.0,226
227,849,7,16601.69,2026-06-21T19:03:30,10.0,227
228,849,39,46630.66,2026-08-14T02:26:35,10.0,228
229,852,34,226221.38,2026-07-26T12:20:46,10.0,229
230,850,7,177325.21,2026-07-31T18:13:24,10.0,230
231,849,39,197849.32,2026-07-30T04:11:30,10.0,231
232,851,38,3959.77,2026-08-10T19:22:30,10.0,232
233,848,7,208063.76,2026-07-31T10:48:59,10.0,233
234,852,34,109111.97,2026-08-09T15:05:06,10.0,234
235,851,39,371738.9,2026-07-18T15:02:39,10.0,235
236,851,7,237557.69,2026-07-09T04:00:25,10.0,236
237,850,34,88564.92,2026-06-28T10:54:48,10.0,237
238,849,39,62423.07,2026-06-02T12:31:43,10.0,238
239,849,7,97451.61,2026-07-16T16:47:05,10.0,239
240,848,8,302773.77,2026-08-02T04:12:51,10.0,240
241,851,34,33424.78,2026-06-19T15:37:47,10.0,241
242,849,34,203076.62,2026-08-24T09:39:50,10.0,242
243,851,39,176872.15,2026-07-15T10:36:22,10.0,243
244,852,39,300370.59,2026-08-29T20:41:24,10.0,244
245,852,34,182711.79,2026-06-22T06:41:52,10.0,245
246,852,24,117338.82,2026-06-17T11:16:50,10.0,246
247,849,7,63647.43,2026-08-18T02:48:19,10.0,247
248,852,7,230929.62,2026-08-03T08:55:40,10.0,248
249,849,7,120945.65,2026-06-10T12:25:06,10.0,249
250,851,34,270115.86,2026-08-07T21:09:13,10.0,250
251,852,34,277930.55,2026-06-27T11:08:52,10.0,251
252,851,39,112216.54,2026-08-24T08:48:04,10.0,252
253,848,34,287091.1,2026-06-07T20:14:55,10.0,253
254,852,7,264121.31,2026-06-03T02:00:08,10.0,254
255,851,34,100860.54,2026-07-09T08:44:46,10.0,255
256,849,7,113081.74,2026-06-24T07:17:57,10.0,256
257,850,7,179488.4,2026-06-24T19:43:13,10.0,257
258,855,89,213245.01,2026-08-26T01:02:38,11.0,258
259,856,96,212085.46,2026-07-05T06:00:36,11.0,259
260,856,96,258273.83,2026-07-10T05:23:57,11.0,260
261,856,83,65849.25,2026-07-03T19:48:27,11.0,261
262,856,120,219121.25,2026-07-27T22:59:13,11.0,262
263,856,83,34493.9,2026-07-08T09:42:40,11.0,263
264,855,83,114445.4,2026-07-01T07:31:35,11.0,264
265,856,89,222090.5,2026-06-25T07:18:39,11.0,265
266,856,83,223794.49,2026-07-16T07:35:01,11.0,266
267,857,83,36200.41,2026-06-29T18:38:22,11.0,267
268,855,85,147856.0,2026-08-14T09:39:41,11.0,268
269,854,96,13181.7,2026-07-04T04:21:59,11.0,269
270,856,83,132907.11,2026-08-19T16:32:45,11.0,270
271,854,89,374514.45,2026-06-13T12:31:54,11.0,271
272,857,96,339136.49,2026-08-26T05:40:08,11.0,272
273,854,96,237374.55,2026-08-15T03:33:02,11.0,273
274,860,74,103764.74,2026-08-14T13:19:04,12.0,274
275,859,50,141231.53,2026-08-09T18:13:43,12.0,275
276,860,72,15421.02,2026-07-02T13:35:41,12.0,276
277,860,42,130117.56,2026-06-10T23:25:19,12.0,277
278,861,74,294374.02,2026-06-12T12:18:00,12.0,278
279,858,72,181242.98,2026-06-03T02:51:56,12.0,279
280,862,41,31680.25,2026-07-16T16:35:45,12.0,280
281,858,41,222181.01,2026-08-02T14:55:38,12.0,281
282,862,41,10113.44,2026-08-04T01:18:33,12.0,282
283,860,72,97894.9,2026-07-01T17:11:44,12.0,283
284,859,41,65266.38,2026-07-10T23:48:05,12.0,284
285,860,74,88328.34,2026-06-25T22:51:54,12.0,285
286,861,41,144651.61,2026-08-26T17:49:28,12.0,286
287,860,61,151454.55,2026-07-17T18:34:37,12.0,287
288,862,41,223783.96,2026-07-25T07:55:15,12.0,288
289,860,41,202841.4,2026-06-06T04:37:47,12.0,289
290,862,41,199771.47,2026-08-17T09:14:52,12.0,290
291,860,72,10257.56,2026-07-03T09:22:46,12.0,291
292,861,72,111765.43,2026-08-23T01:24:01,12.0,292
293,861,50,79262.68,2026-07-03T11:07:35,12.0,293
294,864,174,92561.6,2026-07-30T17:45:01,13.0,294
295,863,174,116876.66,2026-06-23T21:29:01,13.0,295
296,867,174,44854.03,2026-06-29T19:05:01,13.0,296
297,868,168,19354.03,2026-06-22T11:26:33,13.0,297
298,867,174,201911.69,2026-06-28T07:36:26,13.0,298
299,866,168,180535.99,2026-06-15T05:50:47,13.0,299
300,866,174,196311.74,2026-06-14T07:40:58,13.0,300
301,868,170,342746.88,2026-06-30T09:12:47,13.0,301
302,865,168,101979.5,2026-08-18T01:11:07,13.0,302
303,868,168,40214.49,2026-06-19T13:24:45,13.0,303
304,863,174,184799.95,2026-08-27T03:04:58,13.0,304
305,868,166,15853.54,2026-06-06T23:46:20,13.0,305
306,868,163,11964.41,2026-08-16T06:09:33,13.0,306
307,863,168,104576.86,2026-06-13T01:31:17,13.0,307
308,867,168,10020.58,2026-08-18T15:28:49,13.0,308
309,863,163,64027.67,2026-06-07T22:32:35,13.0,309
310,864,174,218707.41,2026-07-16T02:22:10,13.0,310
311,863,174,111656.27,2026-08-09T10:53:14,13.0,311
312,865,168,270684.27,2026-06-22T00:15:14,13.0,312
313,864,165,104167.22,2026-07-11T00:45:42,13.0,313
314,867,163,118080.67,2026-07-09T15:00:59,13.0,314
315,866,168,50720.79,2026-07-04T15:24:03,13.0,315
316,872,32,215708.3,2026-06-16T11:08:11,14.0,316
317,875,34,83472.86,2026-06-05T19:33:44,14.0,317
318,872,32,257402.74,2026-06-10T23:35:52,14.0,318
319,872,34,238191.51,2026-08-12T15:06:20,14.0,319
320,874,12,158115.09,2026-06-11T17:26:30,14.0,320
321,872,34,264726.71,2026-06-26T12:05:49,14.0,321
322,874,5,155275.5,2026-06-23T07:53:23,14.0,322
323,871,19,308617.92,2026-06-12T20:39:07,14.0,323
324,874,40,127974.56,2026-07-30T23:32:46,14.0,324
325,873,10,132302.41,2026-07-26T00:51:40,14.0,325
326,873,32,131754.8,2026-06-03T01:20:47,14.0,326
327,873,34,116710.49,2026-08-01T01:36:43,14.0,327
328,874,19,178517.27,2026-07-19T15:28:54,14.0,328
329,874,12,273320.47,2026-07-31T06:58:51,14.0,329
330,874,34,263271.26,2026-06-17T23:07:41,14.0,330
331,870,32,133070.55,2026-07-10T06:34:09,14.0,331
332,873,12,254886.0,2026-07-29T16:08:30,14.0,332
333,870,34,162902.42,2026-06-14T04:16:48,14.0,333
334,874,5,184976.12,2026-07-18T13:46:04,14.0,334
335,871,32,160796.33,2026-07-02T02:31:59,14.0,335
336,871,19,218949.14,2026-06-23T00:08:04,14.0,336
337,870,32,147786.45,2026-07-08T23:49:04,14.0,337
338,872,32,15706.16,2026-08-14T13:50:23,14.0,338
339,871,19,48629.46,2026-07-20T04:36:44,14.0,339
340,874,32,292505.27,2026-08-19T22:41:01,14.0,340
341,874,32,276924.68,2026-07-01T15:08:48,14.0,341
342,870,34,199524.72,2026-07-30T23:17:09,14.0,342
343,870,19,32772.64,2026-06-21T12:14:01,14.0,343
344,870,34,242295.43,2026-08-23T04:56:21,14.0,344
345,873,40,262623.19,2026-07-28T22:55:36,14.0,345
346,876,194,254783.65,2026-08-26T06:01:21,15.0,346
347,881,194,211025.61,2026-07-18T03:39:37,15.0,347
348,876,194,25194.01,2026-08-18T10:21:09,15.0,348
349,880,197,128150.95,2026-07-25T12:13:09,15.0,349
350,877,162,190124.86,2026-07-23T23:11:41,15.0,350
351,879,193,38161.59,2026-07-21T17:11:54,15.0,351
352,877,194,262370.71,2026-08-04T20:17:15,15.0,352
353,881,193,97788.29,2026-07-29T13:48:48,15.0,353
354,879,175,254260.28,2026-07-11T07:27:57,15.0,354
355,879,197,110201.1,2026-06-05T16:11:14,15.0,355
356,879,194,136808.85,2026-06-03T10:36:35,15.0,356
357,882,194,314456.64,2026-06-09T05:32:57,15.0,357
358,880,194,261794.7,2026-07-16T12:52:21,15.0,358
359,880,194,229583.28,2026-06-06T20:43:40,15.0,359
360,879,194,45448.04,2026-08-14T05:19:48,15.0,360
361,880,193,120084.16,2026-07-25T23:44:28,15.0,361
362,881,193,140224.34,2026-07-20T18:54:13,15.0,362
363,877,193,111590.05,2026-06-05T02:31:44,15.0,363
364,876,193,286698.95,2026-07-07T12:45:15,15.0,364
365,880,193,321940.68,2026-08-26T18:44:17,15.0,365
366,878,194,218651.75,2026-07-02T17:14:48,15.0,366
367,876,194,146749.64,2026-06-06T05:12:50,15.0,367
368,882,193,25148.9,2026-07-26T05:34:11,15.0,368
369,876,162,125673.74,2026-07-10T13:51:38,15.0,369
370,876,197,28103.95,2026-08-21T07:05:05,15.0,370
371,881,194,88881.29,2026-07-04T18:01:26,15.0,371
372,876,194,200575.35,2026-08-06T13:49:27,15.0,372
373,876,197,43892.47,2026-07-04T01:16:56,15.0,373
374,881,197,21163.83,2026-07-14T02:35:00,15.0,374
375,882,197,387651.9,2026-07-24T08:53:16,15.0,375
376,877,197,7434.28,2026-06-07T17:22:05,15.0,376
377,876,197,162790.11,2026-07-31T00:23:28,15.0,377
378,880,197,53797.28,2026-07-27T23:01:56,15.0,378
379,876,197,281615.76,2026-08-14T23:41:02,15.0,379
380,876,193,87454.15,2026-08-07T14:25:56,15.0,380
381,876,193,125618.88,2026-08-29T18:45:14,15.0,381
382,887,39,34072.68,2026-08-26T11:32:33,16.0,382
383,886,5,69050.74,2026-07-30T06:57:50,16.0,383
384,885,20,152615.39,2026-07-01T11:12:32,16.0,384
385,887,39,180611.72,2026-06-07T23:44:49,16.0,385
386,884,39,76280.62,2026-06-06T14:58:04,16.0,386
387,887,39,32236.22,2026-06-04T05:46:35,16.0,387
388,887,20,274907.97,2026-06-07T16:30:25,16.0,388
389,884,19,3442.23,2026-08-25T07:19:14,16.0,389
390,887,7,230568.74,2026-08-08T05:58:12,16.0,390
391,884,20,179542.17,2026-06-28T17:10:27,16.0,391
392,887,20,70126.28,2026-07-08T09:31:52,16.0,392
393,887,20,245731.03,2026-07-02T17:29:27,16.0,393
394,886,39,78971.83,2026-08-11T09:33:08,16.0,394
395,886,35,5725.85,2026-06-14T14:20:59,16.0,395
396,883,39,55047.42,2026-06-07T13:08:58,16.0,396
397,884,5,261206.59,2026-08-10T20:09:47,16.0,397
398,885,5,161914.85,2026-06-21T08:55:44,16.0,398
399,884,39,230844.98,2026-06-16T19:46:13,16.0,399
400,887,5,148252.34,2026-07-02T00:51:07,16.0,400
401,886,5,143865.01,2026-07-05T22:09:15,16.0,401
402,884,5,267588.22,2026-08-29T15:28:56,16.0,402
403,891,58,128325.91,2026-07-01T15:23:37,17.0,403
404,890,59,83242.64,2026-06-08T00:53:19,17.0,404
405,888,54,45502.2,2026-07-20T06:55:46,17.0,405
406,888,60,211012.18,2026-08-25T05:50:53,17.0,406
407,889,74,109849.7,2026-07-16T17:25:14,17.0,407
408,890,54,7346.96,2026-07-30T02:56:55,17.0,408
409,889,80,282214.07,2026-08-04T00:27:07,17.0,409
410,889,74,307580.16,2026-08-17T10:03:17,17.0,410
411,889,74,153470.42,2026-07-30T12:17:45,17.0,411
412,888,74,22194.57,2026-07-01T20:58:36,17.0,412
413,891,80,169469.04,2026-06-05T00:15:04,17.0,413
414,890,74,155395.3,2026-07-27T03:40:21,17.0,414
415,888,74,271238.22,2026-06-18T22:27:39,17.0,415
416,890,54,106670.46,2026-06-25T17:42:33,17.0,416
417,890,56,11369.1,2026-08-10T16:25:39,17.0,417
418,888,60,286364.44,2026-06-04T18:23:58,17.0,418
419,890,54,161565.55,2026-08-10T02:00:38,17.0,419
420,888,54,125924.34,2026-06-07T05:10:34,17.0,420
421,889,56,217395.9,2026-06-26T01:35:24,17.0,421
422,889,80,135905.05,2026-07-22T09:17:16,17.0,422
423,888,54,85033.13,2026-07-15T14:25:47,17.0,423
424,890,74,77740.2,2026-07-13T22:02:28,17.0,424
425,889,80,126476.02,2026-06-09T11:00:53,17.0,425
426,891,54,167593.25,2026-07-16T03:47:37,17.0,426
427,889,80,173510.98,2026-06-05T11:39:13,17.0,427
428,889,74,179958.23,2026-07-19T08:22:22,17.0,428
429,889,48,225081.6,2026-06-17T08:42:57,17.0,429
430,890,74,120198.79,2026-08-02T02:54:42,17.0,430
431,889,54,43572.27,2026-07-03T06:18:12,17.0,431
432,888,69,141071.84,2026-08-29T10:25:49,17.0,432
433,888,74,231255.91,2026-06-02T09:52:45,17.0,433
434,890,54,33909.53,2026-07-23T03:15:40,17.0,434
435,894,10,51813.63,2026-06-21T13:58:28,18.0,435
436,898,7,137390.58,2026-08-06T05:39:27,18.0,436
437,892,7,396751.45,2026-07-05T02:04:58,18.0,437
438,897,8,289175.92,2026-06-27T00:35:21,18.0,438
439,897,28,200990.6,2026-07-02T08:26:20,18.0,439
440,894,13,35519.53,2026-07-04T04:52:03,18.0,440
441,893,13,43195.03,2026-08-29T05:52:20,18.0,441
442,894,21,158462.27,2026-06-15T22:14:39,18.0,442
443,893,28,192034.57,2026-07-09T13:10:39,18.0,443
444,892,28,32107.36,2026-07-01T01:51:12,18.0,444
445,893,28,324319.25,2026-07-02T08:58:37,18.0,445
446,898,10,213146.51,2026-07-15T10:57:31,18.0,446
447,893,17,99563.04,2026-06-06T10:08:04,18.0,447
448,897,28,257116.35,2026-06-06T17:03:09,18.0,448
449,895,28,140615.86,2026-07-10T13:06:10,18.0,449
450,897,17,388855.86,2026-07-25T11:01:27,18.0,450
451,894,10,289251.9,2026-08-21T08:08:24,18.0,451
452,897,39,76625.3,2026-08-26T16:50:27,18.0,452
453,896,28,205864.28,2026-08-13T17:52:49,18.0,453
454,892,34,279315.89,2026-06-06T21:40:03,18.0,454
455,898,25,191879.67,2026-08-21T08:21:08,18.0,455
456,895,7,43980.99,2026-07-13T19:25:51,18.0,456
457,894,28,145008.26,2026-07-03T20:19:47,18.0,457
458,897,17,269888.11,2026-06-22T21:10:46,18.0,458
459,892,7,288996.37,2026-08-26T16:31:00,18.0,459
460,894,7,313302.12,2026-08-14T11:40:55,18.0,460
461,896,17,254740.75,2026-08-14T22:02:34,18.0,461
462,893,28,80175.68,2026-08-01T18:27:30,18.0,462
463,897,17,156480.54,2026-08-12T12:58:00,18.0,463
464,896,28,319091.45,2026-06-10T18:55:31,18.0,464
465,895,10,59713.45,2026-08-07T00:01:38,18.0,465
466,898,39,248031.76,2026-06-04T08:04:10,18.0,466
467,896,7,92361.06,2026-07-02T16:16:09,18.0,467
468,898,28,208150.75,2026-08-17T00:25:22,18.0,468
469,892,10,131373.85,2026-08-01T14:32:12,18.0,469
470,892,28,316834.08,2026-06-25T22:15:23,18.0,470
471,895,21,167385.28,2026-07-13T02:38:42,18.0,471
472,893,28,337137.82,2026-08-13T01:20:23,18.0,472
473,892,28,161492.72,2026-08-03T22:22:35,18.0,473
474,903,101,231465.13,2026-08-29T16:49:14,19.0,474
475,901,101,214454.49,2026-08-13T17:11:34,19.0,475
476,901,101,241268.38,2026-07-22T13:12:36,19.0,476
477,903,96,216829.39,2026-06-01T09:49:44,19.0,477
478,902,101,229495.44,2026-06-21T05:42:43,19.0,478
479,903,96,202461.42,2026-08-02T23:02:58,19.0,479
480,902,101,264094.47,2026-07-24T09:40:46,19.0,480
481,901,101,332277.19,2026-08-26T01:18:09,19.0,481
482,902,113,163691.2,2026-07-26T12:13:24,19.0,482
483,902,105,215046.71,2026-06-21T00:29:53,19.0,483
484,901,112,49721.64,2026-08-15T22:33:32,19.0,484
485,902,95,148260.02,2026-07-23T04:19:13,19.0,485
486,904,96,108428.12,2026-06-16T04:50:01,19.0,486
487,903,101,251293.67,2026-08-30T07:55:05,19.0,487
488,903,101,74778.77,2026-07-05T22:41:09,19.0,488
489,904,113,44050.65,2026-06-06T10:18:55,19.0,489
490,905,189,250466.68,2026-06-28T09:01:59,20.0,490
491,906,182,240770.48,2026-08-05T05:46:18,20.0,491
492,905,182,123343.09,2026-06-17T01:25:45,20.0,492
493,907,167,102416.1,2026-07-20T18:50:32,20.0,493
494,908,195,30007.15,2026-06-21T15:46:17,20.0,494
495,907,195,112254.45,2026-06-10T10:29:41,20.0,495
496,907,182,14951.59,2026-08-18T20:05:17,20.0,496
497,907,189,263121.84,2026-07-19T05:45:35,20.0,497
498,906,170,36127.54,2026-06-04T00:08:44,20.0,498
499,908,189,168674.06,2026-06-05T01:51:26,20.0,499
500,905,182,151051.76,2026-07-08T11:21:15,20.0,500
501,908,182,203754.05,2026-07-12T01:34:24,20.0,501
502,906,195,100203.96,2026-08-24T15:48:57,20.0,502
503,905,182,88814.92,2026-07-13T02:04:01,20.0,503
504,908,195,82066.25,2026-06-26T02:54:38,20.0,504
505,909,182,177752.44,2026-06-08T19:33:19,20.0,505
506,909,167,247577.78,2026-06-02T13:40:55,20.0,506
507,906,182,274504.37,2026-08-26T03:41:30,20.0,507
508,905,177,271099.58,2026-06-15T22:00:12,20.0,508
509,906,167,151648.58,2026-08-31T11:49:28,20.0,509
510,907,170,313551.24,2026-07-22T14:24:27,20.0,510
511,909,177,167426.58,2026-07-20T07:40:32,20.0,511
512,907,189,155773.04,2026-08-21T02:55:41,20.0,512
513,908,177,324485.39,2026-06-05T20:19:20,20.0,513
514,909,186,112843.84,2026-06-14T20:37:15,20.0,514
515,906,189,129708.05,2026-06-18T18:21:20,20.0,515
516,916,17,226164.14,2026-08-03T20:30:09,21.0,516
517,915,17,85851.41,2026-08-23T03:20:40,21.0,517
518,913,17,289133.29,2026-07-17T03:07:58,21.0,518
519,911,11,200864.12,2026-08-20T21:40:21,21.0,519
520,914,12,231507.3,2026-07-09T15:38:42,21.0,520
521,912,26,130012.31,2026-07-26T03:12:28,21.0,521
522,913,11,203785.2,2026-07-16T23:16:21,21.0,522
523,912,17,146535.21,2026-07-30T00:49:51,21.0,523
524,916,17,148774.06,2026-07-10T05:45:33,21.0,524
525,915,26,262031.79,2026-06-29T01:56:40,21.0,525
526,911,17,110084.82,2026-07-18T02:15:07,21.0,526
527,911,26,308208.38,2026-06-11T13:38:47,21.0,527
528,913,26,264534.61,2026-06-16T14:40:36,21.0,528
529,911,17,72199.45,2026-06-27T23:27:12,21.0,529
530,911,11,27666.93,2026-08-18T21:57:58,21.0,530
531,911,22,157570.11,2026-08-01T12:30:55,21.0,531
532,912,11,354877.91,2026-07-18T07:52:32,21.0,532
533,912,17,147762.82,2026-06-03T11:41:37,21.0,533
534,915,26,291071.95,2026-08-17T02:43:03,21.0,534
535,912,17,277840.14,2026-07-07T21:54:35,21.0,535
536,911,11,18512.69,2026-07-17T17:53:02,21.0,536
537,915,17,216133.38,2026-08-04T08:52:34,21.0,537
538,915,17,256453.9,2026-06-27T00:49:19,21.0,538
539,915,11,212952.43,2026-07-12T13:50:35,21.0,539
540,912,26,300698.99,2026-06-27T11:45:03,21.0,540
541,914,17,163580.15,2026-08-06T02:56:34,21.0,541
542,914,11,249547.41,2026-07-29T08:50:25,21.0,542
543,913,11,158556.82,2026-08-13T11:59:50,21.0,543
544,910,26,93144.89,2026-08-30T11:36:51,21.0,544
545,914,21,247278.0,2026-06-22T14:18:13,21.0,545
546,911,11,132881.21,2026-08-27T07:27:18,21.0,546
547,916,26,164702.81,2026-08-15T06:37:30,21.0,547
548,915,11,141580.92,2026-08-20T04:18:56,21.0,548
549,912,17,35962.2,2026-08-14T08:24:12,21.0,549
550,912,17,72108.75,2026-07-03T07:37:39,21.0,550
551,911,26,33861.83,2026-07-06T15:27:24,21.0,551
552,916,11,4100.6,2026-07-05T12:28:52,21.0,552
553,910,26,20554.81,2026-07-31T03:54:23,21.0,553
554,913,21,112330.74,2026-08-02T07:05:58,21.0,554
555,911,17,106742.35,2026-08-17T16:20:38,21.0,555
556,918,122,304120.63,2026-08-17T01:02:54,22.0,556
557,918,141,218262.63,2026-06-07T12:17:33,22.0,557
558,917,123,228773.99,2026-06-20T13:05:51,22.0,558
559,919,122,208401.12,2026-06-17T10:16:45,22.0,559
560,918,126,227356.0,2026-07-07T13:15:31,22.0,560
561,917,122,41834.82,2026-07-03T14:08:26,22.0,561
562,919,141,123562.9,2026-07-20T13:01:20,22.0,562
563,920,123,221490.51,2026-07-25T12:01:26,22.0,563
564,919,141,52476.27,2026-06-11T10:41:37,22.0,564
565,917,122,204209.83,2026-07-15T17:44:00,22.0,565
566,918,141,48424.09,2026-07-12T06:32:06,22.0,566
567,918,141,261282.17,2026-06-03T01:17:16,22.0,567
568,920,122,174159.3,2026-06-04T08:40:49,22.0,568
569,919,123,141276.69,2026-06-29T23:47:38,22.0,569
570,920,141,143874.54,2026-08-16T07:24:19,22.0,570
571,923,111,23627.47,2026-08-20T20:43:38,23.0,571
572,924,102,179182.33,2026-08-21T11:57:48,23.0,572
573,924,92,140536.92,2026-08-23T13:31:59,23.0,573
574,924,102,163187.2,2026-07-11T01:54:29,23.0,574
575,922,83,77230.46,2026-06-22T22:04:41,23.0,575
576,923,99,211731.04,2026-08-07T02:00:48,23.0,576
577,921,102,126066.66,2026-08-12T04:34:47,23.0,577
578,924,111,177404.22,2026-07-23T12:16:59,23.0,578
579,922,102,164730.8,2026-07-20T08:31:31,23.0,579
580,922,102,239022.09,2026-07-07T20:17:14,23.0,580
581,924,111,5238.89,2026-07-03T23:08:09,23.0,581
582,921,111,278968.81,2026-08-23T13:04:07,23.0,582
583,924,92,141982.33,2026-07-15T13:14:50,23.0,583
584,922,90,38048.76,2026-06-30T22:54:20,23.0,584
585,921,111,207253.5,2026-08-25T02:11:39,23.0,585
586,923,102,282701.15,2026-07-09T02:18:25,23.0,586
587,921,114,221520.14,2026-06-07T22:57:40,23.0,587
588,921,83,84754.76,2026-08-20T02:29:33,23.0,588
589,923,102,187310.15,2026-06-12T11:22:43,23.0,589
590,923,90,133037.99,2026-07-17T01:46:01,23.0,590
591,922,102,25006.09,2026-08-14T10:33:20,23.0,591
592,924,83,133573.54,2026-06-04T07:12:41,23.0,592
593,924,111,227375.12,2026-07-17T18:30:46,23.0,593
594,922,111,295755.4,2026-07-23T23:57:20,23.0,594
595,923,83,266631.71,2026-07-10T18:42:45,23.0,595
596,922,83,181897.57,2026-08-09T04:21:52,23.0,596
597,924,111,16120.31,2026-06-13T16:53:06,23.0,597
598,931,168,194937.57,2026-08-19T17:18:50,24.0,598
599,926,168,242893.36,2026-08-23T03:53:43,24.0,599
600,930,179,235213.85,2026-08-22T18:30:55,24.0,600
601,926,162,124138.82,2026-06-09T17:45:30,24.0,601
602,925,179,163347.01,2026-06-19T05:36:08,24.0,602
603,931,162,42312.47,2026-06-30T11:40:01,24.0,603
604,929,162,288519.11,2026-08-22T16:45:15,24.0,604
605,931,182,94926.53,2026-07-30T06:32:28,24.0,605
606,929,162,240611.3,2026-07-18T21:07:17,24.0,606
607,930,179,65815.61,2026-07-11T22:01:46,24.0,607
608,926,176,3457.1,2026-07-14T12:29:48,24.0,608
609,925,162,157674.66,2026-08-26T09:58:02,24.0,609
610,929,179,96969.39,2026-07-28T09:05:48,24.0,610
611,927,162,55464.66,2026-08-23T13:01:19,24.0,611
612,929,192,206995.34,2026-07-01T01:17:58,24.0,612
613,928,176,62394.3,2026-06-06T12:28:54,24.0,613
614,927,176,313124.1,2026-06-25T01:44:46,24.0,614
615,931,179,298163.16,2026-08-08T07:32:51,24.0,615
616,925,162,77798.22,2026-07-21T17:13:20,24.0,616
617,931,197,4096.96,2026-07-08T04:47:27,24.0,617
618,927,166,165372.29,2026-06-29T04:41:27,24.0,618
619,925,162,233541.23,2026-07-22T15:09:52,24.0,619
620,928,179,81195.54,2026-06-05T09:28:38,24.0,620
621,928,162,12901.7,2026-06-02T19:49:36,24.0,621
622,925,180,332125.8,2026-06-25T00:32:41,24.0,622
623,925,182,49931.13,2026-08-10T11:12:02,24.0,623
624,925,177,241746.69,2026-08-16T18:44:58,24.0,624
625,925,175,262111.77,2026-08-04T21:33:38,24.0,625
626,928,162,201103.57,2026-08-22T21:06:30,24.0,626
627,925,162,280323.09,2026-08-04T04:39:00,24.0,627
628,925,176,294153.16,2026-08-05T06:58:31,24.0,628
629,929,176,41692.24,2026-08-22T09:46:19,24.0,629
630,925,162,30861.6,2026-08-16T06:48:41,24.0,630
631,929,162,26460.17,2026-07-03T17:16:17,24.0,631
632,930,179,44187.06,2026-08-11T15:05:45,24.0,632
633,927,162,123874.11,2026-06-05T09:19:27,24.0,633
634,925,179,89976.63,2026-07-14T06:58:22,24.0,634
635,925,179,219975.84,2026-06-20T22:38:03,24.0,635
636,933,167,28714.5,2026-08-10T21:32:55,25.0,636
637,935,167,205054.07,2026-06-25T11:54:41,25.0,637
638,934,163,322982.85,2026-08-11T14:35:22,25.0,638
639,936,169,415628.82,2026-07-09T16:50:12,25.0,639
640,934,167,421260.16,2026-07-30T21:06:18,25.0,640
641,935,167,115803.03,2026-06-08T13:06:23,25.0,641
642,933,169,133941.24,2026-07-04T02:28:57,25.0,642
643,933,169,282660.29,2026-08-06T10:58:25,25.0,643
644,936,169,334882.93,2026-06-08T22:22:32,25.0,644
645,933,169,174598.02,2026-07-06T23:38:32,25.0,645
646,933,167,417334.38,2026-07-27T21:31:22,25.0,646
647,936,172,73512.67,2026-08-23T19:40:34,25.0,647
648,934,167,222293.75,2026-07-28T22:18:33,25.0,648
649,933,169,189039.59,2026-08-16T23:09:43,25.0,649
650,934,172,152987.81,2026-06-12T21:56:58,25.0,650
651,1589,173,239149.73,2026-08-20T09:54:44,,651
652,1591,107,261252.04,2026-08-31T07:34:39,,652
653,1593,95,117797.83,2026-08-26T19:20:08,,653
654,1595,40,457199.35,2026-08-27T22:47:01,,654
655,1597,116,388602.87,2026-08-21T18:37:33,,655
656,1599,58,100924.36,2026-08-18T04:06:33,,656
657,1601,8,142881.37,2026-08-26T11:17:19,,657
658,1603,152,43168.3,2026-08-14T14:14:58,,658
659,1605,29,319159.84,2026-08-20T06:22:28,,659
660,1607,119,116479.29,2026-08-14T02:50:50,,660
661,1609,74,111080.08,2026-08-17T09:05:30,,661
662,1611,77,298865.74,2026-08-15T08:42:14,,662
663,1613,37,297944.51,2026-08-28T23:53:40,,663
664,1615,6,408043.13,2026-08-20T07:53:34,,664
665,1617,79,208131.63,2026-08-13T23:54:02,,665
666,1619,88,297417.81,2026-08-24T13:47:21,,666
667,1621,33,185604.49,2026-08-18T04:21:14,,667
668,1623,136,176972.68,2026-08-13T14:05:44,,668
669,1625,100,378436.34,2026-08-25T23:39:49,,669
670,1627,128,182882.21,2026-08-31T10:16:46,,670
671,1629,40,251572.27,2026-08-29T09:46:25,,671
672,1631,69,19463.97,2026-08-18T18:38:22,,672
673,1633,188,409749.89,2026-08-25T21:36:47,,673
674,1635,60,320753.55,2026-08-21T13:38:01,,674
675,1637,67,181126.82,2026-08-29T04:50:00,,675
676,1639,78,138482.57,2026-08-25T03:02:35,,676
677,1641,89,397427.5,2026-08-31T04:41:56,,677
678,1643,113,113368.46,2026-08-14T13:15:07,,678
679,1645,117,270616.87,2026-08-20T03:52:30,,679
680,1647,107,437511.83,2026-08-24T08:07:24,,680
681,1649,138,411820.33,2026-08-19T05:48:36,,681
682,1651,181,19791.11,2026-08-24T14:23:08,,682
683,1653,102,285084.19,2026-08-17T07:33:56,,683
684,1655,67,150688.53,2026-08-17T04:01:11,,684
685,1657,84,357130.39,2026-08-15T02:47:08,,685
686,1659,197,281683.09,2026-08-22T14:18:40,,686
687,1661,198,374628.95,2026-08-19T08:59:14,,687
688,1663,125,420664.42,2026-08-16T14:54:06,,688
689,1665,28,85491.9,2026-08-21T16:13:33,,689
690,1667,155,149359.75,2026-08-25T22:49:16,,690
